system,n,correctness,evidence_quality,grounding,navigation,not_answerable,avg_latency_seconds,avg_tool_calls
plan_checker_agent,24,1.7916666666666667,1.7916666666666667,2.0,1.7916666666666667,2.0,9.786666666666667,5.541666666666667
plan_first_agent,24,1.9166666666666667,1.9166666666666667,2.0,1.9166666666666667,2.0,5.894166666666667,4.0
single_pass_rag,24,1.75,1.75,2.0,1.75,2.0,3.41,0.0
