retrieval_method,n,avg_relevance,direct_evidence_rate
bm25,24,1.5833333333333333,0.5833333333333334
tfidf,24,1.5833333333333333,0.5833333333333334
