retrieval_method,n,hit_at_5,recall_at_5,mrr
bm25,20,0.95,0.7083333333333333,0.6916666666666668
tfidf,20,0.95,0.8041666666666666,0.6725000000000001
